pcId,ipAddress
ics801,133.44.118.158
ics802,133.44.118.159
ics803,133.44.118.160
ics804,133.44.118.161
ics805,133.44.118.162
ics806,133.44.118.163
ics807,133.44.118.164
ics808,133.44.118.165
ics809,133.44.118.166
ics810,133.44.118.167
ics811,133.44.118.168
ics812,133.44.118.169
ics813,133.44.118.170
ics814,133.44.118.171
ics815,133.44.118.172
ics816,133.44.118.173
ics817,133.44.118.174
ics818,133.44.118.175
ics819,133.44.118.176
ics820,133.44.118.177
ics821,133.44.118.178
ics822,133.44.118.179
ics823,133.44.118.180
ics824,133.44.118.181
ics825,133.44.118.182
ics826,133.44.118.183
ics827,133.44.118.184
ics828,133.44.118.185
ics829,133.44.118.186
ics830,133.44.118.187
ics831,133.44.118.188
ics832,133.44.118.189
ics833,133.44.118.190
ics834,133.44.118.191
ics835,133.44.118.192
ics836,133.44.118.193
ics837,133.44.118.194
ics838,133.44.118.195
ics839,133.44.118.196
ics840,133.44.118.197
ics841,133.44.118.198
ics842,133.44.118.199
ics843,133.44.118.200
ics844,133.44.118.201
ics845,133.44.118.202
ics846,133.44.118.203
ics847,133.44.118.204
ics848,133.44.118.205
ics849,133.44.118.206
ics850,133.44.118.207
ics851,133.44.118.208
ics852,133.44.118.209
ics853,133.44.118.210
ics854,133.44.118.211
ics855,133.44.118.212
ics856,133.44.118.213
ics857,133.44.118.214
ics858,133.44.118.215
ics859,133.44.118.216
ics860,133.44.118.217
ics861,133.44.118.218
ics862,133.44.118.219
ics863,133.44.118.220
ics864,133.44.118.221
ics865,133.44.118.222
ics866,133.44.118.223
ics867,133.44.118.224
ics868,133.44.118.225
ics869,133.44.118.226
ics870,133.44.118.227
ics871,133.44.118.228